IT,Productivity,Error_1,Error_2
5,49.62121970984101,-0.4312659243053648,-0.1604086478581076
2,12.922282430117336,0.20064885104492614,0.07207352905029119
5,49.93968786665803,-0.08622029593163905,-0.15843022830315046
2,12.507574168656603,0.06505558167313907,-0.040062684826296824
1,0.021481425757168937,-0.14112630213264632,0.1845468489746137
4,37.37617610673145,-0.18150110461662616,0.41096688374384605
5,50.00046390421235,0.44598179780367475,0.2132050536491854
1,0.07707936526775427,-0.35923900867187464,0.08014827872706198
2,12.983558299553742,-0.06897085828562466,-0.15305293751396365
5,50.357837112560205,0.15486013826497036,-0.059156280709555475
1,0.3237682238088172,-0.34349892110952207,0.454413780791041
1,-0.057132129638011064,-0.4006725333638831,0.06632446233668376
3,24.605979592329174,-0.15041572503130185,-0.13782392652984188
3,24.6071038706512,-0.08778445692624681,-0.4653809162295245
2,12.287717269006496,-0.08749435707508502,0.12806878215725892
4,37.97234164894365,-0.3136645612454836,0.15817039430549995
2,12.18139704389359,-0.31229679430174484,0.05964447209226165
3,24.726459750872344,-0.262683755010788,-0.2116423102845233
1,0.4298431281866646,-0.26534488261215794,-0.33899670923659453
5,50.2914831493345,-0.14215893029945859,0.19708495755842725
3,25.23512089674646,0.31451458649196207,0.2863154954984686
4,37.562979413531565,0.045677171497338964,-0.18487385345736596
4,37.74487465224956,0.27184947895257394,0.36647468256044824
4,37.183760775574136,-0.45956935589621606,-0.37721140072347237
2,12.369740023035643,0.1216453893955507,-0.3762859541124549
3,24.87805928899587,-0.48364701660231746,-0.39231780612873024
4,37.792172913729004,0.22620403463327554,-0.4685111513699072
1,0.3895954677511091,-0.33439821602167885,-0.06680280801409544
4,37.47741434329475,0.43942835808528946,-0.15300060435135077
1,-0.49347554414374917,0.23927264870105835,0.4560799518160483
1,-0.0966078954702706,-0.4842292995226736,-0.3494511083470996
2,12.101456388245246,0.3018164398422589,-0.19898224951024113
1,0.30715748763446926,0.05457005781665958,-0.32302185317853804
4,37.50782762881565,0.3358071586755089,0.33496763257660966
4,37.727191906849065,0.43266756181347354,-0.22180141645023943
5,50.32636390514676,-0.37845596349607236,-0.335891247381672
1,-0.05278421683920764,-0.0731493739988609,-0.4464367542181288
3,24.78650820941475,0.3578747339936206,-0.3375367856267991
1,-0.41869392714893994,-0.22241983962999312,-0.4059564109778906
3,25.49815897273542,0.21950867305655108,0.37298397739556655
3,25.27660932617197,-0.3083535890524295,-0.4470497383838846
4,37.37663274859577,0.0011897209599854852,-0.2996792176180214
3,24.835164481913438,-0.4525313894801871,0.10960931969362864
4,37.06388459601153,0.29036434310406767,-0.333938677126004
1,-0.03514210142818175,0.2226127888007542,-0.22209661255386404
4,37.191320147777255,0.44301198988609636,0.06044717441681524
3,25.310027308652696,-0.2043536550568974,-0.22879598051256822
4,37.71193350152332,-0.15887422743096002,-0.33264461431591263
1,0.2669075616868769,0.32605745890492477,-0.4304346504155423
2,12.89941209393489,-0.42489890530093655,0.4675417719963242
3,24.54443028687775,-0.39166061532480634,-0.46583064364851
1,-0.01239797974018142,0.299347696670515,-0.048077462457607134
4,37.329684957562236,-0.42635761386913973,-0.4411556595896834
5,49.705842520637034,0.17838733419327057,-0.11138934553162816
2,12.999006348834325,0.457640129333999,-0.47673181499173833
5,49.57535838366107,-0.3640612147208149,0.4529622859547242
1,-0.1377890660110408,0.3656075140275481,-0.4860182622836067
3,24.862490037725575,-0.3692355878518784,-0.2366377917264475
1,0.38999455528122795,0.0657797102174652,0.47384765829171094
2,12.23483070916728,0.39007885087895755,0.30480085817879965
5,50.23956919056446,0.2569203083412751,0.00910961343500094
3,24.650003128639472,0.005966538837079316,-0.2333542247972774
2,12.990312529913648,0.06860677086480282,-0.09202707661248855
3,25.23026399935653,0.4839150576715239,-0.07513387708059294
1,0.4831199625727557,0.288486365617163,-0.3529657205926038
1,0.29217911970044963,-0.21814989736469603,0.11535800645639582
5,49.77147364724438,0.31987699399093206,0.26653331406170233
2,12.246570255720332,-0.22431216813989507,0.4698828276419539
2,12.798277851113463,0.1310748083855411,0.1146516179123317
1,-0.3354803745498104,-0.18409530089432025,-0.12934150939336964
5,50.18824646604649,-0.37362843596719675,0.34387025623852197
2,12.710624918753528,0.34981034692666824,0.3386396123783205
5,50.05544304597233,0.21253035455713243,0.18533189837500197
3,25.07487539499139,0.46170599861246686,-0.039841296408724025
3,25.0279001985141,0.376076946591694,-0.20123446386821542
5,50.32529527747323,-0.15132624739564204,0.18521235873185338
3,24.75336448235479,-0.25345321885016536,-0.33935318694102434
1,0.34675911816006744,-0.4434661572649542,-0.33109201254213205
3,25.034823629498085,0.37698459478598645,-0.2994788756480721
4,37.538686302294586,-0.3932923552390869,0.3510386704028571
2,12.572411398147064,0.4583031899435447,-0.346832053023726
2,12.511262215877679,0.027453435723483466,-0.2118920817086114
3,25.061745193795513,0.21574546924853244,0.20663308172623174
2,12.53206435035491,0.2408574838865396,-0.24325533419064826
3,24.837751589777245,-0.19382457851656132,0.3195002214146807
1,-0.1067483377007502,-0.3181894740343818,0.1373747346743902
3,25.1976053454255,0.14849010241526517,0.00109842808469518
1,-0.1684923096679145,-0.20763873386277787,0.23800884322441307
3,24.506550585359637,0.30771755928708766,-0.2623751390801887
2,12.140124622553824,0.4606952056557748,-0.046935899993338914
4,37.12832872660221,0.2407234672409252,-0.41312653753826556
2,12.123796780713358,-0.2702288319434276,0.02026132446373219
5,50.31660305454822,-0.3530699394605513,-0.1894520184957731
4,37.26617765912815,-0.19526013054807978,-0.2285700564953893
1,-0.4899789985289025,0.009220371534346405,0.3608573546054076
2,12.3255304717193,0.4938225662491532,-0.48963663913957056
2,12.113688421082717,-0.3634422572205218,0.2981033381203334
2,12.96828791200292,-0.3399788810846045,0.2655595521880747
4,37.762529768429296,0.23117220131039173,0.3383087002000742
5,49.89018101207311,-0.42513058155770345,0.1387685630315385
4,37.81105782562811,0.26726791260128246,-0.13822363242648517
3,24.80627675644291,-0.4451575058201106,-0.12363647840369552
3,24.65717566730523,-0.3887281896600052,-0.22370809082220544
5,49.59350055890728,0.45093721438931955,0.16705381842707068
1,0.4226650645322082,-0.30234785825879196,0.09890632035324665
3,25.015275724859517,-0.24431780808504533,0.32494151678910554
5,50.09183505678709,-0.308189474735161,0.3871023096516253
4,37.06969705455222,0.446164314801603,-0.31413855203930996
4,37.613015512918146,-0.35041493299074633,0.20711991900455806
3,25.248630596199007,0.14993735914327955,-0.4115406048151814
1,0.2693209711829616,-0.4242658964868663,-0.02714343494971916
3,24.623628708878705,0.03814128678494433,-0.48405726004306693
1,-0.13046158438391153,-0.4563724182162423,0.42106259207013985
1,0.3384374106893797,-0.25444850308303635,0.4861175110168342
3,25.13422227868399,-0.3727364599693387,0.3099664801797055
3,24.758823566452826,-0.32426244245596436,0.12448133252725468
4,37.24774058125189,-0.42834967345686603,-0.21848001962052244
3,24.743916431532725,-0.11721718131142977,-0.03873776788905736
2,12.765669667351727,-0.08386462820241603,0.08858415296726785
2,12.67460136983465,-0.39847893522633415,0.45110218547034997
3,25.44764245361249,0.059847800500568815,-0.34691177456501876
2,12.369207718513383,-0.047880823463833155,0.4081186937671418
2,12.768505197965732,-0.43279116634660975,0.041614860161726885
4,37.16911013533264,0.20661554809736604,0.385872374047491
1,-0.271765042394565,0.3504246962719797,-0.3365424183419171
4,37.1254110795268,-0.01362475998899515,-0.3641310394380647
1,-0.42052986502016576,0.3031725029619725,-0.0035759575967261314
1,-0.05464044905787602,0.2785650416529717,0.4775204942651128
5,50.27495236404067,-0.24249863385792458,-0.3038175540615886
2,12.70444616284866,-0.3522635748031191,0.39077454038185055
2,12.73196872578415,0.47094863106227636,-0.39578130632151354
1,-0.1655974683973359,-0.08468247673331053,0.2656569755879006
5,49.8750501646282,0.36590833506271403,-0.4480800047067949
1,-0.04556594719243812,0.1605303333900483,-0.4686961844770515
1,-0.3381612576945492,0.0724016418386888,0.3752220362507219
5,49.788816241390855,-0.19228587428830213,0.4462077330023859
2,12.330706776976996,-0.26960560922457066,-0.22537788787473756
4,37.571912066827174,0.41704524167472046,0.48184102092608627
3,24.741074108226876,0.07181072125134613,0.4181178631923096
4,37.40613496543784,-0.25559197068456874,0.4617080736618767
4,37.29652581329317,0.28915236748062423,-0.17767738778652453
3,25.494588285143017,0.25461519388629394,-0.2428538082992926
4,37.673090634726925,0.09674790338743589,-0.14909911296074863
4,37.39126982546515,-0.35225656379057824,-0.0519671007965129
5,50.19889808314875,0.08719493969906733,-0.22514653781021843
2,12.857073370690793,-0.4171403735000003,-0.03394288478784224
5,49.57630360970897,0.4281429507877542,-0.01281756417159885
5,49.68022709427793,0.4354353933850955,-0.39423942624764563
2,12.765877709846388,0.3620638913390889,-0.011472836066683811
1,0.07865844867197613,-0.16362756799056766,-0.3386046307647892
1,-0.28671912106576725,-0.19028971321527366,0.41221241304938006
5,50.01440462867812,0.039596024074208924,-0.47867502638268555
4,37.66976702432601,0.32523268016886064,-0.17012272315448995
3,24.808254761773924,0.0280908692980405,-0.17394965071745616
4,37.45247934134618,-0.48993009860223025,0.04447220757662995
1,-0.3944951277739114,-0.1689658558316427,-0.45433329666277755
2,12.39270182182287,-0.03685014930112418,-0.18324927044920725
2,12.140755500916281,-0.3638215975940048,0.24264053408508557
5,49.940039021940464,-0.014614216421832027,-0.0847569942646913
3,25.309873784633332,-0.3201962653157364,-0.2571028347150981
1,0.3855632588959417,0.3519131825279801,0.2490000317366977
3,24.66035765210924,-0.035499940671018027,-0.45840990706927853
4,37.18049800137941,-0.15492500143250654,0.03403205403403253
5,49.94301751356908,0.10104352540787043,0.037917915128366064
1,0.2048504899619441,0.08381419025442782,-0.3627107134789931
2,12.397093186907645,-0.09197683689093417,0.14141102710703168
1,-0.17139894064879657,0.1037575692277024,0.10965967177268898
2,12.217123810519794,-0.2917690541530903,0.04529472092586251
2,12.214496776678539,0.24789847708078971,-0.270126582348714
1,-0.05654087928600804,0.09585528649318509,0.11628574005875669
4,37.83922180841745,0.3714471850475539,0.14306848304665654
1,-0.43907511214594597,0.309262196920127,-0.38369399027684636
5,49.925699434570824,-0.3835046727981132,-0.48091813169783937
5,49.8537701994027,-0.3037453836584274,-0.14540545745768296
2,12.912646739137823,-0.19172938691866048,-0.08862439202493166
3,25.26842470593531,-0.10400468349243996,-0.3379104715377722
3,24.56168901322684,-0.1490317011099026,-0.14549093997090745
2,12.468315377015019,0.010855108742288344,0.26367594955842144
2,12.926485502046177,0.282865357066283,0.20166882218279436
2,12.053565375299359,0.23990081809977803,-0.051171971472706135
2,12.402343782844476,0.39767959776948114,0.4759214221135347
5,49.83553068080064,-0.23847376024751232,0.200374139831479
1,0.0874128383236159,0.2621754858656593,-0.2608187391467839
5,49.82552370571767,0.3046206539608646,-0.10273859494457038
4,37.07512096629169,0.2780950126484554,0.12432432586480446
1,-0.2730372813163324,0.40971113619530286,0.34268216323050116
4,37.143349489553955,-0.3482525490134326,-0.19595492965207506
3,24.534161890769962,-0.02611955733555571,0.1600415357175895
3,25.417559752020253,0.1364937041274752,0.4953584887231831
5,49.969043617581605,0.05012312308940059,-0.21683929739091123
1,-0.002139207303993418,0.3037932359898565,0.31527934061723495
3,24.88336517047097,0.4991210165532145,-0.35813693439971106
3,24.905476250914994,-0.48539006432717113,0.1646724708352496
3,24.623971549472664,-0.19182122497320164,0.3027525000076462
4,37.65682580894798,-0.1798152303082986,-0.35357171511314645
3,24.7241387711417,-0.31729180451283,-0.11371238313593512
4,37.22828068129415,-0.2209611935426945,0.3262463771477939
1,-0.02305029120532176,0.14803329333520432,0.17139791053200504
2,12.567290769559715,-0.06867421227406934,0.13917151629564184
2,12.938158639835317,0.2597989196993813,-0.14351971199792823
2,12.928334360925273,0.30365322811753315,0.1662151064274947
4,37.696583432438615,0.4247008366511722,-0.37132745096495445
5,49.596183016659786,-0.04905354805454587,-0.3283987836440324
3,25.421101249793406,-0.1345822050097879,0.09338500563152652
1,-0.47819755396093644,-0.011764388139017812,-0.33954238366792766
4,37.622015718710244,0.2879380340692169,0.4793761173608697
1,-0.25374734041817837,-0.10031341827066109,-0.14023778177196466
5,49.995042082941566,-0.42964342217162643,-0.021349923814971472
5,49.74856859143999,0.41656994353493515,0.11863471292952688
4,37.775151840289325,-0.1377599204904706,-0.4563932418950667
4,37.43215173097985,-0.3930574686332551,0.4158016210500076
4,37.818817055480906,0.12278780306268822,-0.14459610924660937
4,37.95832036477586,0.04695081199803952,-0.1315517891853354
2,12.704107325266465,0.4583556858996811,0.32498133163931764
5,49.697025480102326,-0.22568318766497608,-0.2596887172782306
3,24.60737596320697,-0.4031196834195636,0.47500746257763504
4,37.48333769504817,-0.15489636950304775,0.1720642183669665
4,37.22947854490161,-0.22547566004367225,-0.21505276514009142
4,37.511519608697725,0.43063159868721257,0.15802149640435503
3,24.773764470942123,0.2308625794870769,0.15743533320701553
4,37.22004495476284,-0.09855420137255877,-0.006943449548630021
2,12.18376367135646,0.17028964175749128,-0.22359038590016656
3,25.1347728046304,0.12591771806586516,-0.13031045021692367
3,25.32279357638223,0.039010007977880345,-0.40602164209237923
1,-0.3958331041832793,0.37700072803791873,-0.24412410346483715
2,12.71267310627324,0.4423880961537586,-0.4110377870711428
3,24.55558076133894,0.33744093582028234,-0.4392232337650588
5,49.80107680212576,-0.2201259357782488,-0.16109819113048396
5,50.212728184614676,-0.3769215420095564,0.38533623254091465
3,25.184906656703784,0.07140611364240168,0.3172554363895751
1,0.1932831914074712,-0.380012911769966,0.4332848941955544
3,25.477910124169593,0.03706520960886761,0.48941075538868994
3,25.192306871514717,0.21692966529856372,-0.035176818854792735
4,37.64984414941079,-0.09338906682018289,-0.489120910696176
4,37.25122595804449,0.13860394894424344,0.411527353236683
3,25.34755704094516,0.3454461322928192,0.44114065068575314
5,50.222535269300806,0.432365737521892,-0.10637420763549743
2,12.747509016934417,0.31738265191754544,0.4996952566163746
4,37.551074255964714,-0.295826364975354,0.1888758492629684
4,37.38791183931504,-0.20032853433666742,0.17167225680201736
1,0.4794508533142485,-0.3322122572840873,-0.27837293886903747
2,12.991135337620682,-0.0641136225303176,0.005340705330959206
2,12.953787007423188,-0.027769457261955344,0.035875977600929865
2,12.079353920464563,-0.007864822638421143,-0.4908154804137398
5,49.53012448320248,0.19327376120452033,-0.18331209075532862
1,0.33546519291400145,0.30548053356942717,0.3206483089031523
3,25.25390134779328,0.05425720564522374,0.4568272168743166
2,12.603653901075896,0.43513482647236423,-0.493887344498942
5,50.22208915963792,-0.32108960130266984,0.3565728635760833
1,0.41362882567149273,0.27622134869187664,0.11010297743103015
3,24.779539155729847,-0.2700531790427865,0.240128144508289
5,49.6617359340084,-0.4090246714573491,0.48736210398991897
1,0.08988450164150208,-0.16411343801355316,0.15580727909485081
2,12.21504771691826,0.09350348593042235,-0.48873035594872627
5,49.680588665631994,-0.1673334062787567,0.38991755366442915
5,50.34255614977999,0.048296768459896056,-0.4146679382688404
3,24.596487170635243,0.13348052663822996,0.01046069381609116
2,12.068475192769451,-0.19680442093602013,0.44930361821215814
3,24.54174766223372,0.21720031414254515,0.4797164738862715
2,12.513549136799751,-0.10615077220245484,0.4519562729202097
1,-0.20425322147330283,0.18928027889194676,0.4156821473647744
5,50.423610226809465,-0.3140582053283546,-0.16048519756604473
3,24.61147199544316,-0.2595760376392887,-0.012327928038188274
1,-0.15327171623719582,0.16960380407722497,-0.24716761285351718
5,50.40289641031636,-0.363671767692457,-0.4238362381918861
4,37.8377883066388,-0.012767889559792356,-0.26892345195752376
4,37.01055776184968,0.29222759054616254,0.4126120606463286
4,37.0084334060742,0.43177805485564347,-0.38263676040345496
5,49.95958425250105,-0.15079279879346497,-0.15779601934706933
1,-0.06076523848042881,0.38265594248087476,-0.06308009159742622
5,49.536522522103404,0.22154186333552472,-0.1454102351000165
1,-0.2621808172699508,0.2821593140745946,0.2119879223465626
2,12.283586769276972,0.36975286361994775,0.18499130745201064
2,12.811830728981251,0.4709068681098476,0.40088406126219944
1,-0.07073825570221182,-0.38434635899874503,-0.30931406894374014
1,-0.3711964880510815,-0.24443173818067776,0.01230134164065877
4,37.263500479497324,0.20438302066680536,0.12594714488128966
3,24.84028282214466,-0.1302503945414707,-0.3502907112414392
4,37.90648631297152,0.3416788751371368,0.17100263969266705
1,-0.43047879096312136,-0.46677812725146894,0.024908434436612947
3,24.760353275982574,-0.3053315671531397,0.11553920155080133
3,25.227398114320117,0.4818684331212436,0.15765963186425414
1,0.28672545865407906,0.03151171718368062,-0.03628209974939911
1,-0.060033363547077556,-0.2036614920237776,0.39289800151513277
2,12.671989161637832,0.11848814662500806,-0.21975077215707184
5,50.494072220113814,0.24663139591354055,0.4207953785693337
4,37.888593047764424,0.388912624586234,0.005254550222498322
3,25.423839541453013,0.48792504240346446,0.3537121109642053
2,12.675274592150268,-0.04456319316712887,0.043762766483932625
4,37.29038219686405,-0.20236429805973788,0.35195534127042394
5,50.45647302456865,-0.1024131920159771,0.40602737395476474
2,12.669082412000526,-0.0800256067849463,0.12581734439247783
1,0.4651593790474152,-0.306627176868829,-0.022059315999603424
3,24.802856136352407,0.4947192236545761,-0.22977980034350676
4,37.52827602053782,0.23214470367096807,-0.2808611737818779
1,0.08848855344697404,-0.30572734788345024,-0.1738796120619116
4,37.79709270463611,0.01976337227197189,-0.24737945281900175
3,25.356620796611868,0.4911674868365139,0.19932553710813383
2,12.856356550235928,0.07861283115795292,-0.20375348528155524
4,37.48729450730007,-0.3261843053682304,0.2633540258680722
1,-0.02257894039180275,-0.08651155665424237,0.08412294444768875
2,12.228461685820688,-0.18380229934664438,-0.3558480146673214
3,24.61421185036323,-0.045633048792166564,-0.41858051665854046
5,50.14834953395744,-0.02776023600510813,-0.19347255717983858
3,25.29661067871314,-0.0625580054782432,-0.2304472399233627
5,49.747607130411005,-0.05038805784031364,0.36177302714571014
2,12.546370092482608,-0.18056059610622288,0.13876093976088366
3,24.568002155225738,0.29777146674339683,-0.2874417045208679
2,12.987202008228422,0.24902933924887316,0.40636731415302263
4,37.821291790241176,-0.27802240542396683,0.26488472237580585
5,50.44607104171926,0.20946527389719438,0.07144663696476927
4,37.58336732515933,-0.11943780087654987,0.01672730635933184
5,49.62142331957409,0.06624364659116222,0.01255851601197544
1,0.16808379421198427,-0.4314624841560384,0.16903035920263498
4,37.40536627866301,0.09559427488065475,0.32424829021903157
4,37.8229660538538,-0.35614967377187945,0.35432551705509785
3,25.070960514233512,0.46146129379743983,-0.26650128376469084
1,-0.45320036767659955,0.1980120214680522,-0.08547117395820225
4,37.26331334236963,0.01545076251281774,-0.4095624163990711
2,12.240043464309009,-0.26522246646871706,0.3611007759589152
1,0.2191326155046539,0.2597211806885593,-0.138581740165455
5,50.163132713491144,-0.16630302350130644,0.2059009400834111
4,37.48188740104807,0.3564460120769368,0.22368340966001943
1,0.3415015386572181,-0.3799784841220263,0.10991252770231874
5,49.588033540475166,-0.1965922068146302,-0.11459918083798681
1,0.09687605920923548,-0.39526966072205627,-0.069561044249012
1,0.28165781117361455,-0.03119068500274491,-0.27081278718098156
2,12.205526640308925,0.47910286607144714,0.11398598202829446
5,50.439412818313734,-0.25045401048045235,-0.3184368647223661
1,0.04419787593142532,-0.3107371952897885,0.2362555267373393
1,-0.3460713831370825,-0.40524653181057424,-0.37851251974501976
1,0.022868769848855774,0.4849916169175058,0.05491372825914054
4,37.50365159100265,-0.4792674784686609,0.08286366174854842
1,-0.3029718019743536,-0.41188264006575215,0.10363719250080194
5,50.381178328726115,0.1103210855891964,0.16608241997274775
2,12.23196014095905,-0.1090843503051887,-0.24311283754762703
3,24.79926808842462,0.012457519668627737,0.21463037628524007
4,37.85586825282473,-0.33619702781818495,0.09473636144256403
2,12.427963880041816,-0.15021771947124762,-0.027857594474231306
1,-0.23281816133525757,-0.4804586121818687,0.3837285793882913
3,24.503848312255805,-0.3490366063157868,-0.1338001053877742
1,-0.4918989622792531,0.10197558690049802,-0.4992024195246013
1,0.28442292660769397,-0.16524662048663163,-0.2812974129488658
2,12.116363808753784,0.1799784442982565,0.3091886937085445
1,-0.14676185052906754,0.09288547990621565,0.45556559105615946
5,50.45610375404394,-0.02962596714740995,0.44364593533146257
1,-0.47797453908962306,-0.4957768919210993,-0.43223179122619615
2,12.770577871147758,-0.11253827165377184,0.15287432776569543
4,37.67008874298942,0.3354111311577902,0.22302267354179317
3,24.78109167559784,0.05867427827040572,-0.1599944411859051
2,12.80224382017478,0.04744437466477225,0.36638618546432455
4,37.46671301416075,0.4629561779681516,0.13173009238763655
4,37.97009449587006,0.24384170306238884,0.47811774319397793
2,12.951271100300625,0.20685523676997408,-0.03746266810720056
2,12.015195704989766,-0.3807252689081221,0.42003644986405175
5,49.54587966982942,-0.032460332068506736,-0.035831231111548956
5,49.78056096313412,0.20862548119429036,-0.45772070674363396
5,50.0128242186661,0.21976962231948838,0.2894622151274222
5,49.53541612599293,0.11858682293852096,-0.49891209330433783
1,0.046732313684892834,-0.1864184778756397,-0.3352169639911885
4,37.18601346509631,-0.49188310906427335,-0.28968133300021337
5,49.69300904842542,-0.03380671066676921,0.2870277428005912
3,24.796774221651866,-0.3938601085754522,-0.30979210317617767
1,-0.040450012356471166,-0.17381182362625447,0.42772320420781385
5,49.82434296124633,0.06481184092092362,-0.41509617443702584
3,24.863388772613835,-0.3623801811431041,-0.19090267304578867
3,25.259385131350395,0.20161996045952968,0.2789486748339156
1,-0.037755814200057136,0.006047348389832008,0.21335622639044793
5,50.38427561680649,-0.26916164443831603,-0.39913872147902274
5,50.22651706139886,-0.3906460318946876,-0.12358287191442285
1,-0.31952600515596086,-0.11901019661383272,0.47009969151659203
1,-0.27011935344343363,0.47259199546870423,-0.295036829054666
5,50.49634529234702,0.29694490692737907,-0.05603032643639638
4,37.169288240527095,0.13835181482415926,-0.2069115164687233
3,24.761776007326038,-0.06334709387344173,0.13029073962310045
1,-0.23790011452344118,0.027778929853321088,-0.11691320218268675
3,25.471773522540204,0.2797466922287746,-0.3211316293617906
2,12.125303438990514,-0.3254620572230673,-0.22177475361459087
3,24.934508700315217,0.1836395442883999,0.28155895612369586
1,-0.3639589797762949,-0.001985335999951654,-0.38488887570695884
2,12.892087493412564,0.35732759728825847,-0.3339751489929469
3,24.66115075496535,0.09501487602744418,-0.14440816295624825
4,37.678160833656825,-0.3811865994424841,0.10541813221191376
3,25.08975572254086,-0.43514872502394086,-0.23567037960175152
5,50.481563297956754,-0.28297202480201245,0.2862759391345937
4,37.03092510941019,0.10814965881313665,-0.4939276798603002
3,24.645172499493768,-0.1298547840729103,0.25250230668864593
3,24.893683577174222,-0.38405660645480266,-0.03410754299538621
3,24.74524050372048,0.4027997697370441,0.3070659829764888
4,37.82826979935612,0.4097794910866355,0.44573026705804697
2,12.943008969964275,0.1803061627875171,0.4675190388543503
1,-0.1611909592832803,-0.08020357548612855,-0.3307232910167093
5,50.42593303714881,-0.19117340315875564,0.32963879553298503
3,24.718539276149123,0.44094606367754174,-0.3892893675407755
3,24.76677213045933,-0.01916066457026222,-0.33499957155071414
2,12.257404922477328,-0.12092253373008133,-0.11904591972358614
5,50.03660771047442,0.27388756649088997,-0.4777100396727848
3,25.30248647833751,-0.3389737057926556,-0.0992140888563634
1,-0.0023298296796410156,-0.18782280766547677,0.22362120830288112
1,-0.03937636325936955,-0.4359632637184401,0.18917367664921336
4,37.87967903640063,0.33139362477015255,0.3746854902434724
2,12.600852192393644,-0.4883210588984308,0.21928494529481846
2,12.306807710166279,-0.38708718862613256,0.014245575777084296
5,50.42936912628375,-0.3229786102251877,-0.3858865057320996
3,25.324812660183387,0.342481228239796,0.4151719011642603
4,37.21190467744828,0.3031276055575214,-0.11202902800718795
5,49.654224967806414,0.23464621020797105,0.3717245022252259
2,12.773073814823661,0.37392709384272893,-0.23499361447316058
4,37.29871331878587,-0.2871443691804699,-0.10643173053799171
2,12.96549046099991,0.2687133535079277,0.027797393263609638
1,-0.45065065237065327,0.1988231058025418,0.08817168922876673
2,12.508565505739753,-0.020620268027688793,-0.32477515500097365
2,12.857608643928511,0.03419039315448302,-0.34405640144641725
1,-0.11179521802169778,-0.2235630398027867,-0.006127673498974806
1,0.30210567617167106,-0.20796152161158343,0.3783504011023916
1,-0.2888929650866363,0.22598671088666378,0.47774033756907597
1,-0.019070945074192824,0.32645418815249605,0.06948658401736818
4,37.862449519540554,0.21069748066742822,0.4838944778090021
5,49.97090180070901,0.30036175536104126,0.47019367061181194
2,12.090800078973796,0.009387807930219427,0.05449597148714802
4,37.439928088414405,-0.3458857093627584,0.22568696740791105
5,49.689414815904826,-0.11951904919528933,0.17026567500995815
2,12.734822914295776,-0.11681457521579053,-0.464678779548761
3,24.84680931756534,-0.0951568100827358,0.33509224733474374
3,24.60463387426892,0.2758510162579946,0.25313063815535675
3,25.091694065198176,0.43907017312874974,0.36387523887980033
1,-0.48395428777965965,0.4555154368499831,-0.21127049146185228
3,24.758228458410628,-0.194731790295683,0.39282958266686663
1,0.47186186506811256,0.4539845953181034,0.3579115804172428
4,37.658757243610786,0.36078673452580823,0.4790659885791707
1,0.10045533239328674,0.38481623600732195,-0.28918724282982644
1,0.12510826468130398,0.35670314042541573,-0.10598883584686081
3,25.39659862977383,0.445423203111882,0.3089215663298075
4,37.008221259549316,0.4399259010072527,0.4945284720262523
2,12.855105739132732,-0.38633316382857164,-0.009380135667985123
4,37.54795913827123,0.06307163483974643,-0.29716832775556734
5,49.84489784580494,-0.11775982636017457,-0.4913264038113654
1,0.3084579066866202,0.23109733747984595,-0.35755696432198725
5,49.66259917389937,-0.46407225574621447,-0.11983942667514624
4,37.05221865340065,0.03594877336481739,0.38043577709404675
1,0.3676616446472427,-0.23301689428446548,-0.17200128244134683
3,25.133797734798563,-0.4136495010594845,-0.3018638079658367
1,-0.3663571621314221,-0.30895608652391027,-0.4907091755905363
3,24.68045653589159,-0.47297023261414284,-0.1891649723580643
2,12.694179223808513,-0.2847904341300832,0.10698618015117811
1,-0.4077904344135528,-0.15444766139571764,0.4246795149512438
2,12.411564326846625,0.04738903054360677,-0.08725256113273971
3,24.968810066161048,-0.4309289264065751,0.17026728056113982
5,50.01168229701579,0.08640549541503328,0.21696967367435305
5,50.48443596307278,-0.48034574267857155,0.4804645376898805
3,24.596585001034818,-0.33084045732366685,-0.4115023819951621
2,12.04128496783784,0.06780967182305442,-0.09099868641526965
5,49.93903752430249,0.4761562053778312,0.18249652755778667
5,49.6065618007331,0.29299379065868625,0.19170082859294046
5,49.93240389457507,-0.30519628614323036,0.44777455862774984
5,50.15433694926734,0.11925701590194238,0.006684614581186077
4,37.64160181513605,-0.0037207266586314347,0.005469185380986841
4,37.735344863269944,0.07960463238156668,0.04245259449387229
2,12.771880960039523,-0.2383381275311358,0.25403651173116604
5,49.96338801286487,0.4703907094929375,-0.02266195206499122
5,50.00269071432031,0.18736000528948848,-0.29010952630226716
2,12.375673909375669,-0.37758137889507914,0.032991248412716834
5,49.945380829897246,0.35484519925819935,-0.18959120877894964
1,-0.44254578031762815,0.4942920885174251,0.4480209493879671
5,49.74585307993671,-0.40533572840795584,-0.11966466146863686
4,37.67984590870675,0.2765514919421883,0.33059550002320337
4,37.8560496411966,-0.26870310932419994,-0.23708596331165077
5,50.10225039239886,0.39255828813855764,0.48175755480312876
1,0.04047438380308299,-0.08675826593995717,0.3514868466539567
2,12.961915788804422,-0.22648353252083286,-0.30590528704426945
4,37.808940511139035,0.27219364659132583,-0.1505652608005269
5,50.080323090859004,0.38801147459522567,-0.4159525554968264
5,49.61017055968716,0.27658739462395754,0.22928528125545589
5,49.88521138441746,0.269964273272282,0.24880287641274346
5,50.08575775036201,-0.2077687079536945,0.3362219895579507
4,37.31730291577238,0.03441740403845661,-0.44044976209272857
2,12.260251995098683,-0.0815718576629213,0.4549375166335814
4,37.48072728611722,0.10738700239706733,-0.3520714169038195
4,37.9815508924708,-0.45691556677941114,-0.4439301854418204
5,49.84076649408367,-0.36393862503981367,-0.36500795510005
4,37.9241557395161,0.43897738486995497,0.1763720536552057
1,-0.17989357307658593,-0.09692879579496028,0.22605511073773676
4,37.251818170249486,0.07824841921331194,0.27229367216202616
3,24.806658779776466,0.2448014663992758,-0.2379797263640363
2,12.15515033681751,-0.15036823902612428,-0.39117647164253966
3,24.69772752619056,-0.07306689499793706,0.0012114200572489464
4,37.07340341926372,-0.42068415298245765,0.23216304014774525
4,37.045142908723314,0.3620669198963812,0.2240800604230614
5,49.65062918811212,0.05146069794577335,-0.03487565095478673
3,24.908211596661925,-0.4338632610950619,-0.26874236509943683
1,0.08525720500214651,-0.40005391182645067,-0.46773532838062115
4,37.028229290685346,0.49172391983277675,-0.30479973340231903
1,0.3740242004826847,0.0008484293003986343,0.4275702450511095
5,49.87175752997383,-0.42864489931849536,0.44903870886337516
4,37.08362563003951,-0.028213697114614522,-0.27507607626886854
1,-0.42616103485761647,-0.2594221227410848,-0.3753646298431933
2,12.512339569994511,-0.45243450331307455,-0.194180800401905
3,24.728399594267024,0.17569059715908575,-0.3233379066212536
4,37.433950419279334,0.10172998976743142,-0.3896292104737016
3,24.914435613573175,-0.1623916150208624,0.47378732192358763
5,49.8475904470054,0.26268918947209996,-0.03380276233930335
2,12.959830138989137,0.23855320507996602,0.05218916532490625
1,-0.3917830949059946,-0.42846471471813496,-0.19904586343509256
3,25.25256880857244,0.26574169596971764,0.016067148206984183
3,24.97388600585835,-0.0694782271401464,-0.0568370223719441
5,50.46035240935173,0.09999872406112964,0.345813049358185
5,49.668609247585394,-0.15916467460133166,0.12128078257052455
2,12.459445992048998,-0.023964746259851455,0.026519266674309816
3,24.58975043193622,-0.4951215506300962,-0.04779561479902228
1,-0.007121719004403837,0.3732600352547405,0.33508455107843005
1,0.3021980476747106,-0.34177385801578186,0.3635029626111437
3,25.070107406688408,0.20508930700705097,-0.16713847661886883
3,24.801739763938443,-0.03327058357877255,0.23712934567206412
2,12.45208043343645,-0.1558961621167666,-0.1581099692230572
3,25.147842974949906,-0.07174015007486878,0.18742609263585952
2,12.57011289374551,0.04155553581979865,0.31895246861253124
2,12.518870171964881,-0.494483676960078,0.07008266035093902
5,50.49323736140439,0.25455553669442443,0.21816426417936297
5,49.82357685034662,-0.14045185489774248,-0.002331901656228319
4,37.11358334229165,-0.31677010124675964,-0.30013356831196036
1,-0.14568908623984433,0.11120495218989845,0.2264855072705687
2,12.900899736495989,-0.1567071241756176,0.3025399988674822
3,25.178836959326322,-0.2017633270630742,-0.08780552615373449
2,12.659283489074289,-0.4452617855600781,0.29660092982940844
5,50.26815351189931,0.4971178003678265,-0.41694405663264056
4,37.70660987664249,-0.1800680401687349,-0.0437063121502379
5,50.47200307924867,0.03173170523489888,0.3113800575494733
2,12.98273408518885,-0.04852806837098089,0.38850955575771795
3,25.017300088001292,-0.06927290024896415,-0.23543873422634543
5,49.7066060092905,0.17659248076668455,-0.12393948065037341
1,-0.4891378035612435,-0.3970769110490714,0.07351635891893782
3,24.943733581228685,-0.3080720897945135,-0.07911475752130637
2,12.340853685452018,0.3569340398200094,-0.3861370540906065
2,12.913825065016967,-0.4456645792745366,-0.4109935814232709
3,25.089672714720468,-0.3568620382680934,-0.22492760935213996
2,12.227672526721722,-0.2376996679150185,-0.14099456557047962
4,37.2973292426113,0.23415526308156132,0.22713610609542156
4,37.03404933793553,0.37782050378073706,-0.04856406112926459
5,49.559863734250094,-0.41103594287963297,-0.22335953509657858
4,37.857737529486805,-0.17006037774370497,-0.07778316076453873
1,-0.47474884629596514,-0.3334272008168059,-0.3618777070334216
1,-0.26577091842046885,-0.0911240806078416,-0.33552834804034715
4,37.83351253433051,-0.45280857014741605,-0.36109230140391735
4,37.61077918574449,0.32735405942572615,0.06377158760236357
3,25.195435386617568,-0.4277224611603335,-0.34058056712319595
3,24.607094392326708,0.26965108986522934,-0.12342438043488502
1,0.2131815567362726,-0.09476817338071775,0.3793313790438564
1,0.14551305857038865,-0.27071820953869374,0.34620699831092805
3,24.786766348164235,0.4158628405621171,0.018248300772697457
5,49.577880234553554,-0.07419195418742341,0.3154962893762614
2,12.300794700332286,-0.04840658099792883,-0.2465793658776757
1,-0.4142256412241636,-0.48782005380985305,-0.15271600544795183
3,24.90291093054644,0.37251113025280025,-0.22948624967955755
4,37.67849838064087,-0.43246664399374457,0.2731769476896686
3,24.6788439487916,0.08493884840155286,0.036777008672120415
2,12.365737416783581,-0.2767064692830672,-0.17646246075597138
3,25.106186557864216,-0.15344532670827948,-0.23157085184876613
5,49.96640441072938,0.45663140545258785,-0.4797152488991625
5,49.98640897480267,0.40615868735872473,0.19807070897889467
3,24.962322479466916,-0.2954838158676548,0.21143797963764777
5,49.73593465092141,0.42318493001119906,0.10575780061819873
3,25.070205974106113,0.3552659278006832,-0.4569012929289976
4,37.24063185111634,0.2005346298353914,4.951398107622129e-05
5,49.64978109532525,-0.22957150137690274,-0.02214460113814254
4,37.69314365580856,-0.3459100327078741,-0.05270117807793573
2,12.659895489386367,0.19907906929175978,-0.3106330391041593
2,12.27637573132973,-0.2514962499698483,-0.048423297561245415
5,49.77503032276653,0.49179362892331413,-0.4852107760646541
1,0.4032859729704211,0.1369266057669326,-0.3989693895615819
1,-0.27850685543315534,-0.27494930073550083,-0.14080502317451482
3,24.508731609407214,-0.23524666116726178,-0.2647321060280352
1,-0.4859733307025951,-0.22540100470125135,-0.3646743470133781
2,12.246644921740618,0.20977084143714364,0.10809757940071729
5,50.42272748053185,0.08310919159334573,-0.08925404072085241
3,25.172729892573773,-0.0794429550941117,0.007296138146090647
1,-0.2539528480720219,0.39522560945454843,0.05073354172764599
3,24.619737771052733,0.3805977147698578,-0.40788233594806655
4,37.033010931064574,0.05048309021550501,0.44033346015221064
1,-0.15030786742553626,-0.3396741507146881,-0.3372602803969176
5,49.605883959346215,0.16005389468480036,0.29355810625340906
5,49.60079878999152,0.18800168421805352,-0.4787270190251467
5,50.25896227701815,-0.43353428004240535,0.19274001389082152
2,12.122205141513643,0.2771053626816493,0.16494879204128388
4,37.34537223191795,0.1243598160316014,0.03575945363636546
3,25.06850822153987,-0.10096505936270284,-0.28998984801244365
1,0.4912287864099155,-0.031024004117623738,0.4512040576686679
2,12.011159760489424,0.40315055336019157,0.06931968114863551
2,12.552636000221721,-0.34558359129336924,0.03450042117327867
1,-0.32871380059324784,0.39903167947976215,-0.42504962553385306
4,37.970882637532235,0.4056445959160885,0.3395967047055022
3,24.960376546832087,-0.4085074199572899,0.05958613474190755
3,24.842501231415095,0.453481895954299,-0.08635090296420922
3,25.030570338054556,0.16224245918388336,0.2533282260163229
1,0.3324215744464456,-0.01741310868185386,-0.10949025742656338
5,49.87091380808765,0.14858731063761477,0.24044208592691907
3,25.089969132768864,-0.13310203929682773,-0.1488394781895266
1,-0.4614795711325469,0.37296917072798386,0.2787098733109251
3,25.16632627916117,0.35900333621444136,0.475368596775382
1,-0.3915652501947372,-0.43387154989530086,-0.027743816591201953
1,0.008028624374878612,-0.3254570413631247,-0.4514338912843494
4,37.22961657053986,-0.14907809943342598,-0.25067629020740534
2,12.346407297606435,-0.09685632093084429,0.27607111768704296
1,0.30910539421320027,0.2608197205144346,0.16885628117245544
3,25.20561243220746,0.2427494824128823,0.05818299067797128
1,-0.38613146867823156,-0.48321735737571503,-0.3162563376677945
1,-0.23728596783664269,0.12451954066532345,-0.15237243141969214
1,-0.07546485370920708,-0.35014098168361674,-0.251603473201487
2,12.303188470888024,-0.12390196078090976,0.046050075858464545
2,12.388720118637195,0.46232309830230633,0.12225039305619101
2,12.30246032740176,-0.17290512862838447,-0.31174636545935497
5,50.31261983931035,-0.15063046007603165,0.45897686629927226
5,49.82822317072117,-0.07874967436945546,-0.48342334872028103
2,12.520432916005333,-0.03118447559054205,0.2574470668345463
2,12.75644694215616,0.048726596655568555,-0.014997663051755206
5,49.5722474003092,0.03943206847263003,0.1555892337005773
1,-0.2885282686552637,0.40058232387463066,-0.1409738552458364
4,37.9369177148886,0.023967791669686545,0.013397496920916852
2,12.12444805469467,-0.3561719258934345,-0.07365460882788544
5,50.03506508309564,0.3021289270934918,-0.3480732284744188
2,12.883051399409391,-0.3497074315397187,-0.4169567192657898
2,12.657561520819122,-0.2082561954002139,0.31083118969953594
5,50.32434244784741,0.23425890537691207,-0.06034141770742729
1,0.37348545191220506,-0.49767648448545143,0.19881850000896917
1,-0.15522130498933362,-0.42234416883050785,-0.4460409075287671
2,12.540715778286806,-0.017612898485156903,0.21020545552902548
1,0.429899019983187,-0.4892033388130991,-0.25251074286318886
3,25.13158594029423,0.3485550449435627,-0.28223475651921937
2,12.422787100302713,0.24251042181015114,-0.4797660791391517
4,37.68065000940612,-0.4490503616236421,0.1677431650518867
1,-0.22898724596088071,-0.4780524481486451,-0.05043981172508927
1,0.36825635369042187,-0.1763443127524773,0.48237419241824253
4,37.64394337819774,-0.16992972960554198,-0.05745950131194133
3,24.790223848185253,0.3894391373273529,0.015594820603825332
5,49.692940429672944,-0.23883368305134822,0.336081981281363
5,49.539879824679815,0.1334108458974259,-0.414513825713123
1,0.46985547065522204,-0.4769538462634727,-0.32337717525970033
4,37.1007481358145,0.38679850742946187,-0.10587780636121624
4,37.461464755769526,-0.45385084549577515,-0.21464642144694634
4,37.383880132704085,-0.09545009404365723,-0.056886383656456485
5,50.227468521316325,-0.4677188493363651,0.1712753759204907
2,12.625515805633713,-0.059270388163689014,-0.2807727400344402
5,49.874092909117934,0.36583268968275795,-0.23066768425600304
1,0.13876391997329762,0.0642057502470027,-0.3451131482706815
3,24.99901944651604,-0.4546253722926896,0.11125915546147969
1,-0.4254242374903162,0.32873779008551207,-0.1988934675684948
5,49.622670022707844,0.1941358701814515,-0.09382242860781387
2,12.180920720711816,0.27547123601158174,-0.4192988371640972
2,12.019964113139704,-0.12596319638008735,0.3405148363126894
2,12.092214206808338,0.16081626179731967,0.3646027774177817
1,0.2627676991231046,0.3190443511755463,0.1602153515988507
4,37.12890612129923,-0.3640880961045637,-0.20022153180403557
4,37.170947754580745,0.08995193566205106,-0.2554094460998957
4,37.590725507741084,0.01946273334580395,-0.02270590295783448
3,25.093308607722815,0.19378821179304762,0.0790384187510178
5,50.366470973158926,-0.11808815424816765,-0.46864931604302973
5,49.93647602410393,0.43446393512294457,0.4535457361353663
2,12.708307899776205,-0.424402364024946,-0.43128146346159335
5,49.67140150106203,-0.4905304154196385,-0.21956414899548826
3,24.779289750168967,0.35450103565326274,0.19751798034449397
5,49.866708473167805,0.038563854370212924,0.38075926371017177
4,37.00547352457171,0.16412914289416447,0.4622319081077205
5,50.19458073740675,0.221433754494056,0.1843012443301838
1,0.4397357763286672,0.1890872278379916,0.05855588320540306
2,12.219839389587046,-0.2571353111168664,-0.07516276615939477
3,25.09806978141828,-0.3854460336254848,-0.39590498366018945
5,49.72329181940992,-0.2478888249753337,0.3486463602831025
4,37.75320795230068,-0.3584536198655368,-0.38239708374279424
1,-0.4539231851711656,0.1434496329025109,0.14966332677882532
3,25.135309844102697,-0.42004491909685315,0.2036079891472733
5,50.13373594934423,-0.18925423738081604,0.16485023639887209
4,37.57616229119823,0.49711922789414353,-0.16090868464287822
1,-0.43091923000273924,-0.4888856201790456,0.18589038709126582
1,0.42549592770740075,-0.15208967236920268,-0.1630709425996929
5,50.2587162559334,0.30226738230999817,-0.18080623161214793
3,25.170292376651048,0.4243482562776607,-0.31668491732816784
5,49.70453850026211,-0.06529770976262406,0.4522289716538759
1,-0.06265047143960945,0.279737269566119,0.38287069625453163
3,25.357169886505112,-0.30238887589881813,0.05480283456549229
5,49.80750294094615,-0.3022779577413883,-0.14075154832262726
5,50.042977320360784,-0.16383891363583403,-0.2898817422717743
2,12.132097655157422,0.4566605039011524,0.035389425852044076
2,12.309934574391054,-0.20924817136592488,0.20356237355420415
2,12.446803046610752,-0.35822775117894157,0.22293470644187163
1,-0.33948469544632265,-0.4895693455779139,0.4125985866280498
4,37.591948429763875,0.1340709131901061,-0.20354933205700543
2,12.13350798794527,0.03333710668290235,0.07446667080890146
2,12.926577226549798,0.3008460081909582,-0.13375142316367195
4,37.72790711845979,0.32687028334604495,0.10206698799958425
3,25.188699391607635,-0.18868691169971452,-0.46047746116445254
3,24.709857873477112,0.017576543092307606,-0.2878828853592521
2,12.637285374551798,0.3706368736059734,-0.40961441031011847
5,50.17897516912099,-0.43024002859069943,-0.3405671836267409
4,37.26820707534404,0.07207754170347203,-0.1847988699232842
1,0.21928484294939343,-0.061143379262138864,0.1671316179726725
2,12.338421632790407,0.12960757778327514,-0.4078326609203531
4,37.27584867478818,-0.11414473182140805,0.2859089248058595
1,0.1051683491330927,-0.33589990723096885,-0.3698746517250321
4,37.262763204157515,0.08155718885827978,0.12937683364329156
4,37.89399437371541,-0.43308666447614885,0.04647184916307889
2,12.042135654486485,0.1450024156171026,-0.41812109928388796
2,12.04752249002295,0.11020378180367829,-0.24716667225768618
1,0.48172614044486306,0.4167086860095589,0.4750605887471303
5,50.38270299415961,0.09272538039381595,-0.3670249642373633
1,0.10756469803448154,-0.13620242098911983,-0.2692629826869306
5,50.12805715014198,-0.17073285878951905,0.4544283342880424
3,25.344225574049073,-0.005688960600923387,-0.3101727434062883
2,12.671056007368225,-0.040541721656719876,0.43090526637208115
1,-0.03363604415304933,-0.05166700990592865,-0.12803149963080773
3,25.378546252344208,0.016035792279699757,-0.06742343223696501
2,12.530646969644103,0.18222929970562574,0.40280408528486167
4,37.87597952416538,0.3507569861822796,0.15147311014011045
4,37.936571075155726,-0.34755846306405946,0.2426180504505765
4,37.443076795923155,-0.24588126742834993,-0.4856056213112029
2,12.350840471904487,-0.25703364891309344,-0.013587512613656982
1,0.24068709467002192,-0.2635145886932403,-0.06454155329283062
1,-0.1514156129290557,0.02477340602836975,-0.15639635532717533
1,0.26255032935359435,-0.39597203375798584,-0.17844241697665697
3,25.147954527155168,0.007705504540424624,0.33222333621096223
4,37.48569724561466,0.1953521884600038,0.00628684163544202
5,49.640398781897886,-0.3431547152055714,0.14048242188623927
5,49.767200118192626,-0.3801751845590081,-0.42044237661316675
1,0.4340794216231071,0.2610185702525145,0.10190811000411426
5,49.61000900632556,-0.33598148175911113,0.2929534706888196
4,37.802458215932525,-0.36582945677318635,0.36382901598442663
2,12.826040889437476,-0.21506854617207338,0.37663282248010066
3,24.518363007914797,-0.23915508989387446,-0.2630007760364025
1,0.1744705315646199,0.005457023389671578,0.22962856410091448
1,0.16207555797236806,-0.30969259872469634,0.47730618752335785
4,37.34176624220273,0.19649236588731578,0.14614469750516468
1,0.23910752293500726,-0.2031269963854918,-0.09480818270283653
2,12.272874892016924,0.38712731144763735,0.12290036027978923
2,12.425572752626048,-0.12385888922047128,-0.27170626209869364
2,12.502261766589555,0.2435106701708304,0.013327110491368477
5,49.65215060419957,-0.287597225806306,-0.4301136119322284
3,24.734959383504847,-0.3416875826790302,-0.36868123405682685
4,37.539715818723565,-0.13299463137137302,-0.04235605674261056
2,12.899559966604395,-0.4376234600617138,-0.28338353601925526
1,-0.0027133528021150433,-0.21250145605435355,0.304909104972802
2,12.369441386883159,0.3913934505073412,0.19792777939230732
3,25.43697496048252,0.4752169400224493,-0.2722112323879311
1,-0.37831210692730854,-0.050293062094342145,-0.007434563033343666
3,24.86788858283198,-0.40677551325799355,0.40593142506024416
3,25.13546681084612,-0.09731061826422627,-0.03730745719608153
1,-0.49304383554962095,-0.3005046754093488,-0.32811457186604276
3,24.989894373158837,0.4689311173897557,0.2133281269859505
2,12.962745161200043,0.4236369507349058,-0.22277038509662384
2,12.284163284706331,0.029714692154895306,0.019247637663709738
5,49.73127475525074,-0.33480145896453894,-0.41634594309400097
4,37.99001784994667,0.1501067613714283,0.4501490787530945
1,0.17595013754187672,-0.4972484007925214,-0.4335102103858639
3,24.602837402403487,-0.2454232468997839,0.44528454371911896
4,37.30706012756785,-0.08366292654898577,-0.0452500256393078
1,-0.14431028752805353,0.06847982373594019,-0.1894588087850595
2,12.4995959938224,-0.38125512037707776,0.4746973627931851
2,12.077972784143542,-0.35784466145140215,-0.30576542013621977
1,0.1142629017636041,-0.3765101194791395,-0.3320938894094736
1,-0.2875728569863285,-0.26787806321613805,-0.15770156134677737
1,0.11907269358139927,-0.48315308329391093,0.46940847854472856
2,12.694969435731899,-0.4025787475597248,-0.11641547831028232
2,12.835888864158301,0.3927968819317389,-0.03231463768717746
4,37.27398916200132,0.36496183920230685,0.3521672088942073
5,49.62697170907163,0.1687907571409124,-0.14975501117262824
1,-0.3766759905864716,-0.12348859635472975,0.2692219875242514
2,12.82527050530096,0.35094633991749036,0.1936374039508698
2,12.072932272058278,-0.0031415993521399788,0.23296693349644915
3,24.6801210366218,-0.03434057306816585,-0.36676386407899586
2,12.98893742077079,0.3856323561944506,0.33080617302731274
5,50.19716495817688,-0.23081831330851543,-0.22384017799874134
3,25.146083914785898,-0.009604333709422486,0.13683875936953505
1,-0.03917919662614633,-0.4149902389202482,0.11938245302507244
1,-0.22324777924206995,-0.2769990240997672,0.1750876909293878
1,0.07086130389179168,0.4590743411847098,0.1871546899172587
2,12.23767172780504,0.3154665847022512,-0.1724798358777202
2,12.057861496004795,0.1517821088838498,-0.06222898904015628
3,24.8532603470135,0.3812586857104314,-0.14356173559019725
3,24.74596776560517,-0.0496242436423624,0.2794945068375596
4,37.80190210820971,-0.2659681645821642,-0.039489336043290635
5,50.20881711171501,0.16301287721358182,0.43627834260699216
2,12.328283071587187,0.27050189832070104,-0.07751249967939289
4,37.15350879867079,-0.37456780432553405,-0.04441885371061083
2,12.298011036874167,-0.04999944933344547,0.2934815435828324
2,12.627808635433324,-0.29573199404852735,-0.32097469136277224
2,12.375769995666433,-0.297543526446685,0.1099055220365629
3,25.08049587222757,0.12062297463596972,0.042963372277906364
2,12.237316233923881,0.3034933558182329,-0.4430282159709171
3,25.341769388807748,0.11208462354245252,0.11740830642329525
4,37.37565524448229,0.0801482237136073,-0.18853530516937034
1,0.24634444821732437,-0.4562192582318405,-0.19336473551861622
2,12.458573710064444,-0.2930548810018896,0.21366893465249748
2,12.900757580905706,-0.03955456314559247,0.41198122061874787
4,37.81061170912617,0.23118853700925213,0.3873672095902615
4,37.91668995331419,0.17259366845200852,-0.0320356074306255
3,25.029458455944624,-0.31031596060690814,0.35541743737122744
3,25.370522957139677,0.40737490200928905,0.20289943191518112
5,49.54643863995866,-0.15553763785275587,0.4611327857451183
5,49.79813758019889,0.1844872735997144,-0.3140943991186588
2,12.378051492886007,0.3970779469223674,-0.30546651807493175
5,50.32482629505991,0.24216592563680495,-0.09322219527693687
5,50.15798407223373,0.40895905336089944,0.0991098675096741
5,50.474321599266446,0.16695645293681038,0.12114378253922697
2,12.28217996579421,0.31855160952784156,0.02159290600873287
2,12.029386175429543,-0.4965047687409403,-0.47861068804662377
2,12.31658165810379,0.1783053927718058,0.042459249182755676
1,-0.13445201260903916,0.09555104362271594,-0.3277655769691664
5,49.70023971506357,-0.08523554779814646,-0.4141933260549785
2,12.248032376097152,0.47810790142570225,-0.3846634355936175
2,12.027075231951018,-0.4113293461137063,0.21234103167617002
4,37.61747853263039,-0.05862643400172651,0.3527568761180434
3,24.94937571223868,0.22177133386701253,0.3047019840590913
2,12.088558497919044,-0.435524008781739,0.26141993353624093
5,49.59494190648329,0.25569880337776363,0.043301796054230235
2,12.333666486466353,0.2530217671892988,-0.17512127425051016
2,12.441065432224518,-0.26926117820825524,0.3697545679613735
2,12.319755686367749,-0.1815694146504896,-0.16424256045457264
1,-0.3683678547797561,-0.0042924307740773715,0.12089597311023825
2,12.073936133800327,-0.3015989075822797,-0.45507503614768263
4,37.63034714837948,-0.4245045468481615,-0.012074173653017106
4,37.78347567088459,-0.15459594938347665,-0.4630637766786403
4,37.61313078474535,-0.2357627826179034,0.41654246985972976
1,-0.2951420463778325,-0.3119245773020902,0.34356676235037287
1,-0.33508867895975536,-0.2885229996496478,0.10778422357963191
2,12.511444176373441,-0.1388875345911338,0.2672785855561284
4,37.61679329432774,0.22521886001970637,-0.04373854261977639
4,37.80441634418229,-0.018656743997939595,0.2664212806470133
5,49.70526331478241,-0.33362647803381085,0.25347838588810445
2,12.705066766035422,-0.23116690214422853,-0.4488992224858751
1,-0.13427770323410915,0.3996006768926962,-0.19067611087231584
5,49.83317191698983,-0.21191775158916037,0.40321777312022167
2,12.71654497370625,0.09010360715435473,0.14421341364494655
3,24.875325087910397,-0.2583030095264006,-0.34436059423932863
2,12.2089941251029,-0.3199408612877379,-0.09788937268066289
5,50.00664296655919,-0.35527461406909333,0.23573482194194872
3,25.03333214583546,0.39328205520184645,0.07761763443873004
5,50.27859233749464,0.3176408067274531,0.4943221261471267
5,50.326944175823066,0.3537246322590415,0.14913914150107055
4,37.99659329091567,-0.2838502507671671,0.462467517024416
2,12.538255071393573,0.128697431109979,0.11613119655896931
3,24.907713956209662,-0.4016905465818583,-0.24345196729044571
1,0.4094968557648826,0.1812276046493877,-0.02615595814206606
1,-0.024890357273421593,0.09126848418518552,0.022775151660116455
4,37.80254663463587,0.171774098074148,0.23371132591441768
5,50.163642956515886,-0.12939695123245132,-0.15614502973757005
3,25.158440585482136,-0.4262952261393236,-0.4483990370384445
3,25.459863866426442,0.374092719145505,-0.07544379134088608
2,12.568475748379736,0.12627806021947097,0.16626587438360696
4,37.44116230384973,-0.17949039572759318,0.4827988511933089
5,49.608409839793424,-0.4431951619062301,-0.4645611856292653
4,37.72200770840248,0.49728617177015655,-0.24364553792553578
3,24.977413870206146,0.22741194639765905,0.3880630058313663
3,25.362629244035613,-0.40853027034857425,-0.2754510861244138
3,25.44151621507205,0.30530253061360413,0.3628131415783451
4,37.1904392393221,0.4820676389419385,0.3289728919310718
2,12.507529078316791,-0.33769364796524415,0.4716578683205179
5,49.82221418242457,0.07174457249108479,0.4921205386642439
2,12.919522054367306,-0.09125288384090402,-0.3096469691611753
1,-0.30764594002378653,0.18997582152431913,-0.09043233056417632
4,37.99805461137549,0.42952356815851755,0.21898333116760504
2,12.287690620802302,0.29439347164802465,0.0972306486482376
3,24.712892314669357,-0.2643189746974889,-0.07425625328413443
1,0.06890986612452032,0.016559408926087982,0.2900577158398
5,49.60761846959201,-0.41735163055741187,0.034235093676851625
1,0.4090772444074926,-0.485682184553171,-0.07692492274944873
5,50.453983205708084,0.01995325204188836,0.3863415448884131
4,37.94445604535305,-0.09840590141394656,-0.15917895098576385
2,12.890399786198738,-0.445801657298703,-0.3291194169471645
4,37.4191994741348,0.2997802178192559,-0.4612970265826368
3,24.537103183277956,-0.26512943672143385,-0.05099100324482064
3,25.421658115736598,-0.30783813963432116,0.2704193202596863
2,12.835937557560008,0.2301048365735634,-0.48665384354288144
5,50.150184719147596,-0.26362875503369176,-0.03229982320317637
4,37.18954237622087,-0.39386243425475287,0.41773371084981736
1,-0.43885388929301616,0.055842922967712094,-0.12796992704836518
4,37.961757247327604,-0.49738451288000596,-0.16087682150544236
4,37.20968907126821,-0.3347202106595105,-0.10470897801289758
5,49.60565392414842,0.4880562325667458,0.4660019245248913
3,25.436801271458545,0.45993203866173404,0.2921138745296865
4,37.173742708258544,-0.4192598817498018,0.3258574931838415
3,25.375208977889365,-0.4791110727407084,-0.49715189897496626
3,24.64950212538619,-0.0714817620702286,-0.18213902984729402
5,49.586872599891805,0.41322845615672243,0.2500026310377279
5,49.92270816168069,0.4921671602351776,-0.4010919119629015
4,37.078679590645116,-0.0030741967697542893,-0.24838007763590153
3,25.01941533460779,0.21570214286584055,-0.09000775947833106
4,37.219162408308996,-0.40427269260952814,0.08854447938211463
3,25.09556529939105,-0.0182511852317232,-0.48077220667855036
5,49.71963333963685,-0.11567828513383382,-0.09954954935340854
2,12.092204696141632,0.3150030208289377,0.32333349297160296
2,12.108456210932257,0.388814810117848,-0.2738095786946667
2,12.25667282282474,-0.3407991014904278,0.25768796426080176
5,50.33111150738555,-0.4399842843891937,0.34834331322065126
2,12.14344178933827,0.4973845002942514,0.25582870814934233
4,37.86902018654699,0.1394973420520127,0.12364782232243465
1,0.22986162789269626,0.1356659347552549,0.1496401015939709
1,-0.24738923242647426,0.3480695595477099,-0.3170952900695295
3,24.767564813281417,0.26318500283223145,0.32051812485114684
2,12.898998328775175,0.36526851440114383,-0.38202462855283925
5,50.29531225860493,0.3641765233680708,-0.3987963280257394
1,-0.2688142042997115,-0.0925675962642023,-0.06544613198933691
5,50.165266975621215,-0.35479559163385077,-0.42076195374055814
4,37.840580016820844,-0.30893058489472924,-0.0687212564110532
5,49.85026171616886,0.47136924121502277,-0.4090456200930803
5,50.085542660448944,-0.1258301235506002,0.3383686081849847
5,50.28545873934573,0.33003800638476655,0.4335383971537813
4,37.871783146453176,0.3188076023023484,-0.4882105595594822
3,25.426476447684507,-0.11321635203582459,-0.12163980220920911
1,-0.13893739254367965,-0.4934447529846735,-0.10531445362016956
1,-0.4418886610975229,0.3220572173616134,0.4899953924152304
1,-0.33287486945779454,0.019987938380299552,0.12360636018197035
3,24.625648414850335,-0.44101540535962225,-0.3554035374771374
2,12.025541334900755,0.13894481104939782,-0.27375041465251015
1,0.12040861292975835,-0.42952101625901784,-0.46580259216707776
3,25.286920104970118,-0.2404072193379253,-0.33365574532035835
5,50.445909504419916,-0.45586478565063326,-0.0397584755251531
2,12.012846061364979,0.37462626872340254,0.15713149890156142
4,37.32340649982058,0.24972962952211664,-0.1005804971380414
3,25.052088967646583,-0.31800077756280387,0.11976617606502182
3,24.77393948642463,-0.40703162985848895,-0.16951444171733432
1,0.3222894022568693,-0.46666847767687825,0.2794050625911185
4,37.786100478765384,0.4824514526245316,0.0024372912849423
4,37.331063861779356,-0.21861306035777528,0.31805658916116886
2,12.357280953539238,0.07267405085103362,-0.3426597470076591
5,50.15156071535586,-0.1596768468107832,0.05488526815288508
1,0.342382276269923,-0.09312615154332138,-0.341030341911989
2,12.970256124108367,-0.03316419294332962,0.3988624347006219
5,49.94210285531154,0.0848309728373483,-0.19089855860787752
3,25.071836654712214,0.44721112709510213,0.39970379281026114
4,37.52419554004534,0.02599874612540709,0.2773154945956652
3,25.49510093453064,0.23144014871991803,-0.14958702269495028
2,12.770181795201868,-0.426978434413675,-0.2771117264324592
1,0.08626533499930589,0.14025616461816526,0.1506219761039248
5,49.666287456382676,0.11640028769248678,-0.4655371523453232
2,12.833925288569661,-0.4303696904108676,0.3479827921542862
5,50.02232490429425,-0.10218162391364394,-0.04914476681699753
2,12.262324320347089,0.00035685443944399875,0.27787509436167934
4,37.47471203722939,-0.3245433780385144,0.30498190307972206
4,37.82493204872999,0.2963068532286295,0.1735768849566569
5,50.292554387050224,0.3926540523249018,0.019258548378372153
5,50.00085259995717,0.4310725745199673,-0.3394738524177847
1,0.08175095088562911,0.03995284102086061,0.4575910114863754
2,12.042740202668359,0.41523738794984,0.35088900891619923
2,12.351493873418342,-0.14680767032820718,0.3708446138960546
2,12.07325825086089,-0.17863314828163523,-0.32293235737134074
3,25.20110754798727,0.36049022496253635,-0.21063223153703825
2,12.897109502723204,0.46608628115442396,0.049441141261657884
5,50.15989553387069,-0.48980950525066647,-0.4279634164272199
4,37.72032330526534,0.07125277497413662,-0.10358343535456449
3,25.23220154951657,0.1785190588250204,0.0042256307777484015
5,49.58136829003114,-0.373161146724283,0.2758432638889845
5,49.63312783473582,0.3472932720773554,0.3981106045072018
5,50.20135744100382,0.22600187686883966,-0.4425430646844766
5,49.69817606988712,0.10030635142740452,0.31906815778038133
3,24.741852918743056,0.41021351798574146,-0.05908968232327405
3,25.30700029595159,-0.4378187995895574,0.13335816298666114
4,37.055788818972204,0.39040122487848294,0.20309339406043292
4,37.9668323502825,-0.11675040195725961,-0.49033102269978457
1,-0.29231471904163087,-0.18527222383488218,-0.46420270456947865
5,49.589311782455205,0.23050770012834887,-0.3322213920073457
2,12.185621837813045,0.189861580505841,-0.3362127543777724
4,37.235010941735226,-0.11790513509510248,0.0001408125074708888
1,-0.011132064688400334,0.43052308969405717,0.1987381214166929
1,-0.4875699324364502,-0.018492631839215123,-0.2821597813878244
4,37.91428911753277,0.2334281542393125,0.3586696320034757
1,0.29296361665475323,-0.09247981002991235,-0.4807518425569969
1,0.12023777665781865,-0.3903735639370294,-0.4637640488592174
1,0.4915701851810974,0.07390011108024519,-0.06862132857124603
1,-0.3542220201807593,0.15898610392375445,-0.4069727209467012
3,24.67201073434163,-0.3514148551519065,-0.12661183624210937
3,25.19220392353474,0.13026840161519682,-0.43637315920822195
1,-0.3262374629574133,-0.26322308172048037,-0.19312743684631561
4,37.972389608424585,0.1676446550667604,-0.3219547825204393
1,0.47141412039288066,-0.2303498885837082,-0.12613909012347368
3,24.526393781508677,-0.15928046892569903,0.10323345477921808
3,25.140217491049334,0.41556597410876783,-0.45922901524810456
2,12.236522117089757,0.455493454974908,0.17017121694439186
5,50.082491550476,0.36896717244477495,-0.040430798382625976
2,12.10123619511192,0.3676604271297349,0.10220181234333392
5,50.20350821955296,-0.1398048679063899,0.40016767902273076
3,24.758906167257482,-0.233950653506645,-0.4360954119814089
4,37.94210784150744,-0.3290547827910354,0.03498457025404955
2,12.85892842332458,0.05185930966737018,0.4545069318190723
3,24.537816512985874,0.4277815112120833,-0.2602987519232506
5,49.62162247370502,0.49573086087522455,0.06751502834853507
5,49.89009878393312,-0.10759308954963331,0.3879066942695706
1,-0.26550150883375734,0.08431483248596261,-0.4028927330937021
3,24.914360744037094,-0.23169867797661603,0.4481795980622135
5,50.11250178263822,-0.3795328559729122,0.047210797120890824
4,37.60186762181942,0.33246761272353975,-0.493080939303546
1,-0.24690394834709684,-0.2785229055179589,-0.45245482098135037
3,24.90700138892777,-0.1264972287197993,0.22142002890228174
1,0.4404390427864102,0.49318115457716016,0.46660077283178425
5,50.10943781720776,0.46109485481741186,-0.14803330609714083
1,-0.489677681216519,0.3491443172019715,0.014888979744366981
2,12.74605054052672,0.03778028702548519,-0.11619111545224492
3,24.906252381732628,0.03347336299054049,0.3146724113719259
5,49.91347249512807,0.19924551404516389,0.4159517301370893
3,25.49844540047967,-0.130018142898357,-0.3517913891766813
2,12.083685967453418,-0.41580462661731643,0.44151062788822915
1,-0.47126221198220253,0.45156659730267756,-0.4717318376115963
4,37.40836609275296,-0.154936536762869,-0.12963020709288875
1,0.35588216638084824,0.14196403726360307,-0.12118164056567216
